{
    "total_runtime": 0.06767010688781738,
    "num_documents": 1,
    "input_load_time": 0,
    "workflows": {
        "create_base_text_units": {
            "overall": 0.06325697898864746
        }
    }
}